drug,strength,qty,goodrx_rank,singlecare_rank,nadac_cost,costplus_mail,team_cuban_card_94612,team_cuban_card_43081,team_cuban_card_39090
atorvastatin,40mg,30,1,5,1.12,10.92,13.72,13.72,13.72
amlodipine,5mg,30,2,4,0.31,10.45,13.23,13.23,13.23
levothyroxine,50mcg,30,3,8,1.22,11.16,13.62,13.62,13.62
lisinopril,10mg,30,4,6,0.54,10.64,13.44,13.44,13.44
losartan,50mg,30,5,11,0.98,10.76,13.55,13.55,13.55
rosuvastatin,10mg,30,6,18,1.08,10.92,13.59,13.59,13.59
metoprolol succinate ER,25mg,30,7,20,1.43,10.68,13.67,13.67,13.67
metformin,500mg,60,8,,0.87,10.89,13.75,13.75,13.75
gabapentin,300mg,90,9,13,2.83,,15.84,15.84,15.84
pantoprazole,40mg,30,10,16,1.07,11.61,13.79,13.79,13.79
escitalopram,10mg,30,11,9,1.18,11.5,13.76,13.76,13.76
omeprazole,20mg,30,12,17,0.88,11.18,13.6,13.6,13.6
hydrochlorothiazide,25mg,30,13,,0.35,10.5,13.22,13.22,13.22
albuterol,90mcg,1,14,,15.52,17.56,23.53,23.53,23.53
bupropion,150mg,30,15,,2.35,11.24,14.48,14.48,14.48
trazodone,50mg,30,16,,0.92,10.7,13.64,13.64,13.64
sertraline,50mg,30,17,12,1.04,10.94,13.74,13.74,13.74
tamsulosin,0.4mg,30,18,,1.5,11.26,14.32,14.32,14.32
montelukast,10mg,30,19,,1.26,10.96,13.84,13.84,13.84
fluoxetine,20mg,30,20,10,0.88,10.69,13.82,13.82,13.82
tadalafil,5mg,30,,1,3.1,11.23,14.31,14.31,14.31
phentermine,37.5mg,30,,2,2.18,,,,
sildenafil,20mg,30,,3,1.53,11.99,13.82,13.82,13.82
amphetamine-dextroamphetamine,20mg,30,,7,8.7,,,,
amoxicillin,500mg,21,,14,1.65,11.46,14.38,14.38,14.38
benzonatate,100mg,30,,15,1.97,12.24,14.65,14.65,14.65
amoxicillin-clavulanate,875-125mg,20,,19,5.68,14.77,16.44,16.44,16.44
