004df4f3c6	00c,00e
01319fc8b9	01k
01f2f911ff	05e
0265860e49	03q
02679a7370	020,022
028e52167c	051
02c9812873	01p
02ccd26b0f	03o,03y
02e5a59efc	00n,00t,00u,00v,00w
0365dc4306	025
03864c8bd4	010
0422953684	012
0458910c4f	009
04bf239589	01p
0565e81695	008
0566628472	014
059e8a34cd	044
0643fc82f2	044
06e7732a04	02m
06fd756843	025,03i,03j
0723d98f6a	02m,044
073382a314	00u,00v,00w
07556fccb4	001,002,003,004,005,006,007,009
076ead723a	05j
07b3624f19	03p,03r,03u,045,046,047,048,04b,04e,04f,04i,04s,054
07c8e12bed	03s
08409cdc13	05o
0860dd48eb	05d,05i
0879b4efb5	02k
08b83b1797	04l
0903d19412	001,002,003,004,005,006,007,009
092fb48087	02k
094ab468df	05a
0956d1e050	05m
0990e0e107	025,028,03i,03j
0a435e3ce2	00a
0a7194a604	041,04x
0a7d45d10a	002
0aac55091e	00m
0ac80545b2	051,059
0afe1661e4	000
0b10a12e0b	027,029
0b6e312c58	03r,047,04b
0bf1f6e905	001,002,003,004,005,006,007,009
0c09bdf25b	00z
0c20d78bc0	03h
0cc9622852	021
0ce03838ed	02e
0cee566939	000
0d09ec1fc1	053
0d4aefeaa0	053
0dd400ed1a	05n
0de63ded6a	05g
0e0a8e2f21	03x,040,041,04x,05h
0e22967afa	04q
0eb4c38737	01g,01m,01q,01r,01s,01u,01v
0f6519caa0	00c,00e
0f87e77c20	02b
0f9ac264ca	03c
0fb016fa8f	02c,02d
0fc455c51b	024
0fd47d96cb	006
10c28a9b30	022
10ecaafb66	05l
110bca5457	053
115ee520ef	04u
1189f53f0d	01e
11df56b210	01w
124f299201	04j,04l,04m,04n,04o,04p,04r,04u
1261d2981c	026
12843b161b	03c
1326886b66	04k,05a
13ed0fba35	02j
14840440da	00f
149de92cd3	013,014
14b5aff432	02o,02q,039,03b,03g
14e27ab610	01p
1535ada3b5	03s
16528f598c	03o,03w
166c7ea308	04a
167728665a	05a
16b256f0e9	02n
16c040916c	009
173727e237	02a
17ef119612	03r
18139556d3	05h
1817cb557d	02b
190d45808c	00x,011
197852e1a8	052
1a0bdbb235	03x,041,043
1a1849a14e	025,026,028,03i,03j
1a93372953	03m
1aa363f6be	010
1b034ac136	006
1b1e1c50b4	01n,01o
1b21519ad7	02l
1b52d90dc8	001,002,003,004,005,006,007,009
1b654e7e8c	051,059
1b6e15176d	016,017
1b9031fc6f	05b
1b90447099	02a
1b9224a4c6	01e
1b968af18b	03h
1ba7513173	008
1bf51272b1	01z,021
1c1100c098	000
1c157d07c9	01g,01m,01q,01r,01s,01t,01u,01v,01x,01y,023
1c1a6c68be	05m
1c3cf95660	05d,05n
1c4ba49d5b	046,048,04e,04f,04i,04s,054
1c7b8bc622	01b,01c,01d,01i
1c879e9440	00b,00d,00g,00h,00n,00t,00u,00v,00w,00y,00z,012,015
1c91d46514	02j
1d183dca7d	03x,041,04x
1e360b0941	01g,01h,01m,01q,01r,01v,01w,01y
1e45aa1411	019
1e4ed852df	01z
1e678f21ac	016,017,018,019,01j
1e753f8011	03x
1ea1079979	040
1ebc210d88	03m
1f0aa16cdd	01s
1f3e3f0797	05l
1f4ac9c64f	03g
1fe3f50f52	011
200b471868	053
20725bef2a	03m
209816cfb1	05f
20bb3d340b	00a
2138d56771	01g,01m
221900ca17	008,00b,00f,016,017,018,019,01b,01c,01d,01i,01j
221db67816	03q
2221f593ac	02f,02g
22878d32dd	01n,01o,01p
22ef0801bc	00y,00z
22f741c822	010
230266a8b1	05l
233426faa1	05d
2341266eea	05n
2352762969	03x
2404d42b8a	027,029,03t,03w
2405d374bb	02b
2469a92a51	03s
24c25911f7	03h,03p,03t,03v,042
24f6df8872	01u
2501a52b06	055,056
2520aa69c0	04q
253c207996	02k
2572b7bbb9	03l
259c4e2d04	04j,04l,04m,04n,04o,04p,04r,04u,05c,05d,05i
26498d9d19	00c,00e
2659491b1c	047,04b
26ae079c09	039
26d57657a2	01h
27093e5843	02b
2746ffd0c1	02d
2781975c41	05b
281e1990dd	01h
282b32c519	01n,01o
287b8c0644	05k
28b18326e5	030
28da3ce22f	025,027,028,029,03i,03j
28f178140c	010
295414312d	017
29ba638248	008
2a0a86afd5	02l
2a7c2024d0	02a
2b25ab90ab	03p,03r,03u,03x,041,043,045,046,047,048,04b,04e,04f,04i,04s,04x,050,054
2b834405ba	05f
2b9057219c	03e
2bce48d3f2	05c
2be27d33c2	05b
2bfacc3081	001
2bfb378561	053,05b
2c1cbb4eb4	02l,02m,02n
2c354aae12	01g,01h,01m,01p,01q,01r,01v,01w,01x,023
2c7c276771	01a
2c92da06ab	045
2ca2e2a84a	059
2ca69c5ef3	052
2cd95cd817	00y,00z,015
2d29d5ddd2	03d
2d4968e360	00x
2d7021c1d3	05c,05i
2df4b7a258	01k
2e19946b8c	00c,00e
2e227c0a90	056
2e28e9ddac	03k
2e3b67bf8c	016,017,018,019,01j,01k
2e522d74a5	01e,01f,01l
2e68d268ac	01e
2f2aa6a85a	055,056,057,058,05o
2fadbab034	03x,047,04b
2fc4424845	00c,00e
30ea04bebd	02p
3169d23f16	051,059
3211d3dfb6	02f,02g
3269b8ea02	02o,02p,02q,02r,02s,02t,02u,02v,02w,02x,02y,02z,030,031,032,033,034,035,036,037,038,039,03a,03b,03k,04v,04w
32b5a00f48	01e
32cddcd58c	012
3300e4cc9b	02h
33161631ea	012
334705341b	024
33477f2513	040
3361d88fe9	02c
3376070e79	00d,00g,00h,00m,00n,00s,00t,00z,012,015
33763f0cfb	03g
33db8142a7	00s
34025d279b	047,04b
3402b10699	05c
340c1ef12b	027,029
35321b1e03	02g
356f748b5d	01s,01t,01u
3645f0fbb7	024
3661b5f1b7	03d
373743415b	038
373d238cbc	053
37fa7dbc18	056
37fb53c2c8	051,059
38b8dabb91	03p,03t,03u
39090a1728	05f
3925ec65dd	01a
39365eb1f8	05f
3981d5918b	00t
39d2dc6c48	02b
39e150974d	03g
39ed9659f9	02c
39f4a51060	05a,05l
3a445b5506	01e
3ae69cbbad	02m
3b2fe6a43b	03d
3b70bf827a	03p,03t,03u,03v,045,046,048,04e,04f,04i,04j,04l,04m,04n,04o,04p,04r,04y,05i
3ba20250d5	01y
3ba8549084	02o,02q,02r,02s,02t,02u,02v,02w,02x,02y,02z,030,031,032,033,035,036,037,038,039,03a,03b,03k,04v,04w
3bf8eed8be	01d,01e
3c7c66f7de	05b
3c9bd50f28	02c,02e,02i
3cf3ee959c	01y
3d0783578d	057
3d9c715e85	00c,00e
3dc0be54bd	00x
3dd248299d	05a,05k
3e3f2466b2	01c
3e639b3c71	00b,00d,012
3eb1a08df6	024,025,026,027,028,029,03i,03j
3eebb7f2a0	00t,00x,00y,00z,010,011,015
3f14bfa6e4	05h
3f385517df	01p
3f66ec9eb9	01a
3f866206d7	03h,03l,042
3fb8eb135f	03q,03t
3fcd781100	04s
4017999e42	01i
4065e9eb58	03g
4073fbbfe6	016
40b7b012d2	000
40c971ab70	02a
40e37fbc87	04y
40e755a042	02c
4104c35499	021
415f96876c	01c,01d,01i
418c5301de	02f,02g
4211a6c1e5	01y
4211f56a2c	03e
4239f3ea56	024
425e9c5f7d	043
42afb06e16	001,002,003,004,005,006,007,009
431d41a107	02f
432798f7d8	047,04b
43956c2937	04x
43b609a9e1	02t
43d4823057	02a
4414627de3	05e
4486dd4a56	053,05b
4591932537	05d
45a5f6d1eb	027,029
45e89e63a8	022
461e568a18	00g,00h
468e4f4b4f	05o
46bc31fca3	04y
46fadd3e89	04y
472773df87	000
474bccff0d	03m
482e3d5e36	01b
4855b8be1c	041,04x,051,059
485d065431	05j
48aad05f7d	024
48f125e13c	016
4917014be2	03o,03y,03z,049,04a,04c,04d,04g,04h,04z
49688fef42	053
49b9a972be	05d,05m
49d78618cf	02o,02q,02r,02s,02t,02u,02v,02w,02x,02y,02z,030,031,032,033,034,035,036,037,038,039,03a,03n,04v,04w
4a3c922914	03l,03v
4a49c8e645	00f
4a8949fbcb	03n
4ac5d9baa3	01d
4acec88809	05i
4b1081808e	01e
4bb05121bb	041
4bb08ebddd	034,03n
4bba01912b	03t,03w
4bd2d0170b	04x
4c87f7d892	02c,02d,02e,02i
4cab9054c9	02o,02q,02r,02s,02t,02u,02v,02w,02x,02y,02z,030,031,032,033,034,035,036,037,038,039,03a,03n,04v,04w,05g
4cbbdf6ab0	012
4cd018a41d	03d
4cfac721a5	02o,02p,02q,02r,02s,02t,02u,02v,02w,02x,02y,02z,030,031,032,033,034,035,036,037,038,039,03a,03b,03g,03k,03n,04v,04w
4d1fa3cac4	05c
4d93562ed5	02f,02g
4da3d7b3e2	02a
4dbc1fd62c	03m
4ddb022a3d	009
4e0be1fe2f	01s,01t,020,022
4e1024a1de	02f,02g
4ec22ed0ff	01z
4ec9d1c50b	01a
4ef5840e98	008
4ef74d5672	005
4f42c87cf8	02a
500510760d	05j
506480f611	01f,01l
506a51f5b3	01c,01i
50a9526c99	01n,01o
50cb22a6a8	002
50da8e8237	02m,02n
512362917d	01z
515a1c6161	05j
516106bef4	015,01c,01i
518ea67938	02e
51ee99923c	03q
522dff9984	010
52802877af	001,002,003,004,005,006,007,009
52cd3eaaff	055,057,058
52dc012cf8	052
52dfe61fb5	01d
5316720fff	041,04x
534c907b88	00d
53729b9eb6	05h
53b32bf70e	00m,00s
53c994baf2	03s
5413772273	00a
541d0fe24a	00x
54630fdc96	04j,04m,04n,04r,05c,05i
5474db1748	020
54d792ea7e	01b,01c,01i
54e8e42555	02o,02q,02r,02s,02t,02u,02v,02w,02x,02y,02z,030,031,032,033,034,035,036,037,038,039,03k,04v,04w
550b5bbc4a	01x,023
550ccc7c7e	013,014
55210a0542	00y
55532193fb	043
55837b0eae	01n,01o
560fd7c669	04q
56133f90ba	01n,01o
5613ae836c	02k
56642450bb	04z
569eaf41d0	031
56d98ddec2	02j
56deb7df1f	045
5739752ac4	01v
57a069e3c6	02n
57a35621b4	03s
57af7da7ec	00a
57face561b	04u
5822e0dbce	022
5839ad8eb9	02e
588245312c	05e
58d3dd550c	024
58f64c1ee7	00f
58fbb587c4	00t
5929c0fa26	01f,01l
5a1e7cb0c4	013,014
5a71c42475	00f
5a777cf469	018
5a9ee37250	04g
5b6900703b	042
5b731b98ed	03b
5bd61de527	01s,01t,01u,020
5c07b54ea2	000
5c41eac51a	05g
5c43dab6a0	007
5c488fc634	04y
5c5ca3d791	03n
5c94ee4ae4	00u,00v,00w
5c9f5b620f	004
5ce835817c	01a
5cff1b0968	010
5d249a9dc2	01f,01l
5d8ff2b317	001,003
5dc71151b2	00n
5e15b4a940	03q
5e2aab60fc	03u,043,045,046,048,04e,04f,04i,04s,050,054,055,057,058,05e,05o
5e807414df	017
5ea3ba8ad0	045,048,04s,054
5ea7456451	008
5eab65e16f	04j,04o,04p,04u
5f451fa82d	01t
5f7be8bb06	02d
5f9ecfb7a1	05n
5fa6bd7f7e	01x,023
5fb2cb5a98	059
5fb8371de0	01k
60ae38c72a	01n,01o
60d082dfbe	00z
6143a457d1	02x
618ed3195c	02a
61c1f198f6	020
621e1d353e	057,05o
62da67d47b	018,019,01j,01k
633915f6be	05f
634120c830	02g
63d4bd8799	040
64853e6c84	03f
64be46b35b	01x,023
64cce76125	024,025
651f93e77c	00f
6534242bd7	05k
654d2d2212	03c
6551257306	05j
6580be10a5	019
65d98b3396	05k
660ed963da	00g,00h
662a4168bb	04k,05a
665472f11e	021
6654cfd192	02f
667a973932	03c
669ece1497	03h,03o,03p,03q,03r,03t,03v,03w,03x,03y,03z,040,041,042,047,049,04a,04b,04c,04d,04g,04h,04q,04t,04x,04z,052,05h,05j,05n
66bae19831	00u,00v,00w
676b79c710	00m
6814b604ef	052
68937de25d	05n
68a4d1212e	00b
68e8a44969	01v,01w
691e78f3a8	02d
69c33007ef	00c,00e
69fa9c45ec	040
6a3c1ef8ee	015
6a66ec187f	01a
6a79415486	050
6aecf5d930	00c,00e
6b1624d08a	005
6b813c133a	00m,00s,013,014
6cca0adcd6	01w
6ce656c799	03s
6cf82f8aa0	050
6cfa963cf0	03m
6d3fabdcad	044
6d62cb60f9	00f
6d7c1682b7	00f
6d9de6d553	01e
6dc2b33198	058
6e3192774f	042
6edf9e0fa7	02h
6f02abc61b	01f,01l
6f32b8fb40	050
6f7158c6d7	008,00a,00b,00c,00d,00e,00f,00g,00h,00n,00t,00y,015,018,019,01j,01k
6f8bc8793e	007
6f972c021c	05o
6f9c5f5cbe	00u,00v,00w
7010d15985	02h
702713baa2	00c,00e
7168e498d8	02g
71a0c0cae3	025,026,028,03i,03j
71cdc78173	00b
71dd39c4e3	001,002,003,004,005,006,007,009
71de2cdb79	00m,00s,013,014
7228a6357f	00s
723d6f5f60	02n
7242b31052	00b,00d,00g,00h,00t,00x,011,012
72c16d6e6d	05d
72fe694367	05d
732d023b12	04z,05j
73690fb286	01b,01c,01i
737adef009	03f
738036c5f7	03i,03j,03m
7393468f1b	013,014
73ae69cb70	05d
7463d7d429	03l,05m
74bc038c8f	051
74d78bc0b7	03y,03z,049,04a,04c,04d,04g,04h,04t,04z,05h
7511bf1681	03r
7555ea6651	055
75673a6a10	03l
7588c31420	018
75b0c265ed	02d
75fb448589	02m,02n,044
760ce23f57	03g
7641a993f8	02m,02n,03w,04q
76ad52dce5	04q
76c5c7d062	049,04g,04t
773994f5cc	00f
77db739c3a	01h
77db80ef00	01h
798eac8924	05b
79ae46f8e2	03e
7a178a2aaa	045,048
7a7ae6632d	026
7a7fdcbcfe	001
7a8b6275bb	05o
7ad8b85747	008
7ae4cbe7c7	05f,05l
7b297debd7	05k
7b2ab2a995	02j
7b3a5b045e	054
7ba92489a8	02a
7bdc4a78f4	03b
7c49db8d84	01n,01o
7c7d6ce695	03a
7cc6dba109	01p
7d2d91efe0	03d
7d4498e22d	00t
7d695ce4dd	03c
7f0656778a	013,014
7f377abf9f	03l
7f588de304	02p
7f71ca6515	01i
8000057cf1	026
800efcd74e	000
80518ab9af	026
806baf255f	01d
80b4fc9536	00a
80bbdcb8fc	022
8100ab5820	01j
81034c7358	02h
818477350f	02b
81de887511	00d,012
8214489286	00c,00e
823cdf907c	03m
82474c6b76	00a
826b02b5bc	03e
828f7b53a2	000
83c23fc1d7	03f
83f6cfee9b	01f,01l
8415285b56	03y,03z,049,04c,04d,04g,04h,04t
84c298df0a	03m
852c4e5f5b	050
85554bb945	027,029
85a94e344a	01g,01m,01q,01r,01s,01t,01u,01v,01y,020,022
8671df1734	043
86c3110a8f	052
86c45da794	01n,01o
86cc53f232	041
874bd70d0f	000
8752fc639a	01w
875854b9b5	03r
87806b172c	03n
87b0ceffe5	02l
87e13cbd77	017
8814fccd74	018
8821b53d44	01w
88ae4d3eab	00m
88b40bf96c	00g,00h
893a16c3ef	03p,03u,03v,045,046,048,04e,04f,04i,04s,054
89467182a1	01h
8965fc7c6b	04k,05a,05k
89c34d215f	02c
89cae8d8e0	02z
89e38f8d55	00s
8a33b698bb	01h
8a423b6e04	04l
8a4bc1e469	05n
8ac9dcb14b	040
8ad2c3cccd	05e
8ad7395a6f	04m
8afb9f84b1	03q
8b12035ad2	02c
8b254ad076	01g,01m,01q,01r
8c1a6922ae	04p
8c3c2517b7	03r,047,04b
8ca4cd35bd	053
8ca4fba312	050
8cb315a00c	01b
8d1f915e5c	042
8d3eb2327c	02h,02j,02k
8dcab984d9	05f
8de39fd95e	057
8de8cb10c1	003
8e78f1431a	02c,02e
8e7f351318	02p
8f1e67c79b	04q
8f76895b16	03b
90129ae7e2	03v
90480cd1b7	01h
9070636799	027,029
9072b337a1	053
90a04fd55e	02o,02p,02q,02r,02s,02t,02u,02v,02w,02x,02y,02z,030,031,032,033,034,035,036,037,038,039,03a,03b,03f,03k,03n,04v,04w,05g
9112fd7e59	00x,011
91477c9097	00m,00n,00s
91585257b8	03d
916a900d5b	052
9195424a7d	016,018,019,01j
91d07c53fb	05c
928caab2a6	00b
93de4d6516	000
945acd3445	05l
9464ece645	02u
94712c31af	03e
94fddada1a	033
954fe90c55	011
963866a0a4	02f
96638b5ff1	03g
966d970faf	03h,03o,03w,042
969fb9a7bb	02l,02n
96e7e17f19	02f,02g
96f699b8fb	03e
971ec885ed	03z,04a,04c,04d,04h,04z
9776d6c0df	00m
97d66cdede	008
97dad39c40	00m,00s,013,014
97fc829e5e	02c
98519f5d3b	02k
98754ce49e	05e
9893612daa	05o
98c5cd62f9	01z
9957cb272c	050
996a132555	03o,03w
998925f5aa	00b
99af267054	04j,04l,04m,04n,04o,04p,04r,04t,04u,05c,05i
99f2a2639f	01z,021
9a67dca267	04q
9adca6ac0b	04j,04l,04m,04n,04o,04p,04r,04u,05c,05i
9b34d78f6c	01b
9bab4a3422	03s
9bb48c018e	03f
9be414f477	00a
9bf6f8f226	03o,03w,03y
9c0edc966a	03k
9c17d05292	028
9c5e88d32c	01h
9c77393620	01p
9ca451e854	02d
9cad18d87a	02o,02p,02q,02r,02s,02t,02u,02v,02w,02x,02y,02z,030,031,032,033,034,035,036,037,038,039,03a,03b,03f,03k,03v,04v,04w
9cc6d5a48e	02c
9ceef1c068	02j
9d177621b3	02e
9d4d42259e	05h
9d8c9d3b7d	00a
9df590e366	044
9e1e36255d	04k
9e7166c780	00b,00t,00u,00v
9e88ea21ba	00s
9e8bd58921	01n,01o
9e90f8104b	00y,00z,015
9f09bc26ec	01y
9f3c616691	01p
9f4e37a5be	050
9f5b864962	03q
9fdc49abb6	02e
9fe5971a3e	021
a075b4b703	00g,00h
a0a60be16c	00n
a0b15fda83	021
a0f9b57518	02k
a10270a3a3	03c
a13cd740e4	05f
a15d236b58	03c
a1a72e15b1	04k
a24978b233	02b
a259786689	016
a333b75c41	00x
a358401827	01z,021
a3bdceff9e	003
a402c7f8b3	04j,04l,04m,04n,04o,04p,04r,04u
a47d3ce607	049,04g,04t
a4ab7a4072	05n
a4fe57859e	02j
a5298b4b25	05g
a52c94029a	02h
a53b9c9350	02h
a5901224ad	024,025,026,027,028,029,02h,03i,03j
a5c06a0905	04j,04l,04m,04n,04p,04r,05c,05i
a5c3ed7007	03q
a5e1b85174	04o,04u
a5e545f1d5	01u
a64324c571	04y
a66d422434	00n
a685f14035	02a
a690f49081	03l
a6e76981ca	05h
a74fdac2d9	00u,00v,00w,00y,00z,015
a7d9ac4fa3	01a
a85c981fca	01k
a8d92c255a	01n,01o
a8fb991e82	03c
a9bf21090f	03m
aa0305e7cc	051,059
aa3e0044df	02f
aa6a9d1cb2	049
aa9d8ff622	05g
aa9dbcec50	05a
aaad7201b2	010
aadd8708c2	05b
aae0b59be8	00x
ab6235df47	00c,00e,00n,00x,00y,00z,015
ab66718486	01n,01o
abdea91a05	02j,02k
abe0354b5b	04y
ac1915e125	05m
acfd06a751	05b
acfe460746	00n
ad21eae7c1	04w
ad29dacb61	01k
ad5982b9fc	01f,01l
ad5cfc83a9	010
ae1fb1b9ec	00d
ae286771ba	02h
ae920688bf	00x,011
af359c3d64	02s
afb9c9f478	03p,03u,03v,043,046,048,04e,04f,04i,04s
afe7b165b6	04l,04o,04p
b00a6eaad1	00s
b1178c0157	03o,03y,03z,04a,04c,04d,04h
b163dfac2a	00f
b17787e0f0	027,028,029,03i,03j
b1fb5935b1	010
b213f1075c	02e
b2b198d6be	02c,02e
b2f461f11e	01b
b34909ab78	03e
b3ad3a8f93	00d
b3bc3064b4	05n
b41305d9bb	03h,042
b473e0d9ef	054
b474a0de31	024
b49e2c9033	00b,00d,00g,00h,00n,00t,00u,00v,00w,00y,00z,012,015
b4b1f4b467	055,056,057,058
b4b220a7fe	001,002,003,004,005,006,007,009
b52bdd9f35	00g,00h
b581b30836	03c
b5ce83fa07	00u,00v,00w
b5e6ed842c	052
b5ef60b289	04l,04m,04n,04o,04p,04r,04u,05i
b64c014412	03c
b6a1032d7f	04k
b7281c85d5	01a
b72e7ee7fb	055
b7d8509502	01e
b813e5d998	040
b82dcd4a10	04k
b842af4391	016,017
b947680d6e	00f
b94e6969c5	02v
b9de15862b	01j
ba0d7766b8	05l
ba744c57f3	00y
bab8405c6c	00u,00v,00w
babe53f2ec	040
bac0e61177	025,026,028,02f,02g,03i,03j
bac6a4f3d4	05d
bad5888fa5	00w
bb2b863b58	02k
bbe449051b	017
bc0f2f3b0f	03h
bc38a97d91	02b
bc70ea7277	03c,03d
bc9e9c1c5e	01g,01m,01q,01r,01v,01x,023
bd791d909a	018
bda6a1d06c	05e
be02dcc33f	05h
be046e99e3	01x,023
be0ff33ec7	054,05e,05l
be1e4fd92d	02m,02n
be5d55d41e	011
be99017bc7	05b
beab7dd5a1	01h
bec4ad9a11	00z
bee1ba7059	01b
bf50a9a6ee	05h
bffbfe3a69	00m
c02715d2e3	03y,03z,04a,04c,04d,04h,04z
c05b3909f9	04y
c07f9babe5	036
c0b0d7682b	01a
c105cfe1cc	010
c118257f4e	01j
c18d309c77	01w
c1a8de3cc3	022
c240ac381f	019
c24cafe899	00x
c268fa6568	02e
c2dd579625	024
c3698de2b8	034,03n
c3c1a8db6e	01d
c3d74662cf	05e
c3ee2acfa2	03k
c3fa311e6e	04n
c3ffa0a1d5	013,014
c401f89d6e	02j
c4170a3a07	01c,01d,01i
c4204ed41e	049,04g,04t,05h
c427f99d3a	04k,05a,05k
c451ceadf7	02b
c48ac590e4	005
c55f0ba01d	05l
c5b3658b79	00a
c66321d117	05g
c687e27755	011
c730a0ddec	05e
c7d22f2a5a	000
c7e5be15a2	03m
c8441fd943	01k
c85efe95d9	05m
c8e01962ca	05j
c8e25f7579	00d,012
c8ecc0ec40	00b
c92651d1c8	053
c9560a0cf4	010
c96e300cd3	006
c992eed6d3	026
ca2186af62	01b
ca2b08dcc0	025,027,028,029,03i,03j
ca9ec7611f	00a
cb0dabb85f	05m
cb240a92e7	04y
cbc6f58109	03s
cbd6004b97	056,058
cc0e3255e2	044
cc433b4295	02p,03k,03w,05k
cc7121ce94	03g
cc7f1489ac	01d
cc8c18ac30	046,04e,04f,04i
ccb712cb7e	03h,03o
ccd647ef92	008
ccd76752e6	03d
cd1afd76d9	05o
cd3841777c	01p
cd3cc1e695	006
cd81b6814c	017
cd9dccf025	03z,04a,04c,04d,04h,04z,05j
cdf636696b	03m
ce1211642a	056
ce8e4ce7fd	044
cebc67d2d0	004
cf37ff5abb	02e,02j
cf82259452	03t
cf9b69e509	02l
d018490224	00c,00e
d02af7e92e	03f
d0780617d4	00c,00e
d0d7a306bf	01f,01l
d0ec51d623	04k
d105ac5783	03y
d12d6f3761	042
d1393b663e	018
d1491e73fc	05f
d158bc9db7	05m
d15b7282f9	01f,01l
d1c1dbaf78	03r
d223503da9	058
d22946989f	02d
d26c0d902b	01k
d29af6b8b1	02d
d2f3be361d	00t,00u,00v,00w
d2f9cf44a5	03n
d377587bd0	03e
d477d4c003	025,026,028,03i,03j
d4d5394ca2	00g,00h
d4dcbb5e66	022
d4dd51a3fd	00c,00e
d503861696	01s,01t,01u,020
d55f84a908	02m,044
d563027e7b	02g
d58098a101	053
d6bb6f9d01	018
d6c4077b5c	00b
d6dde830f3	010
d7e99125f1	02g
d83f21724d	03f
d8d6fecf5d	016
d954252b2b	032
d9842f3255	01f,01l
d9e2f93db2	001,002,003,004,005,006,007,009
da12262b0a	03z,049,04a,04c,04d,04g,04h,04t,04z,05j
da2d5eeb95	05f
da34a08eb9	02y
dacb8342ec	028
dad04f5982	02l
db1520768b	002
db60ab0ea5	05n
dc1677ff5b	03h
dc351062c7	02b
dcfab25511	05o
dd77f6daa5	03y
ddabed7d64	052
dddd3b5234	01g,01h,01m,01q,01r,01s,01t,01u,01v,01w,01x,01y,020,022,023
de51c4d396	01q,01r,01s,01t,01v,01x,01y,01z,020,021,022,023
de56913b99	05b
de5d22d4de	03e
df4c8325b5	016,017,01j
df6c3920f4	02d
dfdf9cb318	01e
dfe598c4b7	02l
dfed031554	02o,02p,02q,02r,02s,02t,02u,02v,02w,02x,02y,02z,030,031,032,033,034,035,036,037,038,03a,03k,04v,04w
e0057a331c	03x,040
e01a0d4f9d	04s
e0965d8abc	055,056,057,058,05o
e09695a6ed	019
e0d58a2afd	01z,021
e2577153f4	01w
e27b337b35	01k
e28b181dc0	043
e29361302f	02k
e3379ef256	00a
e37db3de74	02d
e3827da8fd	03e
e3dd3aa054	008,00f
e3e43558b7	02w
e4f166fa69	01a
e5b7e5f0dc	04q
e604027efa	00n
e632be8b51	01j
e67db83478	02d
e68f0a4dc7	008
e6d2e8d772	02p,02r,037,03a
e75d16ac7a	02j
e7a0ccdf2d	02h
e7a7c68fb2	03s
e7c8575a44	02b
e7e0a34f5d	03s
e811b4c44c	014
e84a40791e	03b
e8575c00f9	00y,00z,015
e87a791f97	052
e8df08da29	01p
e9125dfe3d	02h
e92a7b40cc	004
e9bb3727e0	013,014
ea369a425e	01c,01d,01i
eaa05c643f	03l
ead688fd00	053
eb1154afc0	01g,01m,01q,01r,01s,01t,01u,01v,01x,01y,023
eb75f5a8c3	01k,02a
ebfa6a4f79	02l
ebfd7465c3	016,017,018,019,01j,01k
ec1461f782	03d
ec3819658e	04r
ec884d3f6c	03p,03u,03v
ec9481b646	05g
ed2b3c8d4f	03z,049,04a,04c,04d,04g,04h,04t,04z
edd4257c5d	04j
edec56831c	00a
ee1acf24f1	03l,05m
ef014fb1be	02h
ef3a2762b9	001,003
ef739bd5cf	03e
ef82ca8422	02c,02d,02e,02i,02j,02k
efe6beecf4	051,059
effef1103c	026
f0184e7a6b	01f,01l
f076a87cb2	02l,02m,02n,044
f0ab38e191	02b
f1451bb0dc	011
f1727c82e3	007
f174cb5e1a	040
f1768a8c34	05m
f196518ece	05a
f1cc6fdf9a	03f,04v
f1d65d7a4b	05b
f20568d8e6	019
f2331b4734	05k
f26b5c1c4c	01a
f2706bf6b7	02f
f2f4a55406	050
f35a45d261	00m
f3bd7ca05a	05g
f3e26ca771	02k
f4d062528e	05l
f4d54f332f	01f,01l
f512be9c6c	04q
f52a9a5227	03l
f52e988368	04y
f5391912aa	01z
f598a7f968	000
f59d53acc2	000
f5c06318e8	041,043,04x,050,05f
f5d2752ef6	016,019,01j
f5daa2f42d	03f
f5fd5eebad	024
f651c541e4	01z,021
f66aa47dd6	01k
f6773de17c	017
f694194eaa	00s
f69d81edf8	00y
f79b965735	02a
f7a030db57	027,029
f7dd599471	05b
f80b299924	01w
f831a03b37	03p,03r,03t,03x,047,04b,04j,04m,04n,04o,04r,04t,04u,05d,05n
f835e43907	03o,03w
f85326983b	05k
f8650092e0	01c
f8a7f37596	01g,01m,01q,01r,01s,01t,01u,01v,01w,01x,01y,020,023
f8ee1e8bcb	051
f910502263	00d
f97f6c799a	007
fa9ebed9ca	059
faf13e614d	020
faf149c9e4	01h
fb0b938fd3	00t
fb118d015a	03r,03u,03x,043,045,046,047,048,04b,04e,04f,04i,04s,054,055,056,057,058,05o
fb21f277e6	01b,01c,01d,01i
fbd04af499	008
fc1ca4e531	04k
fc3f1e7a57	05c,05i
fc431fbe9a	05g
fce026db93	01h
fd0c110d02	002
fd21ba5440	01z,021
fd44180d0a	04y
fd85d3cb69	042
fda504e398	00d,00g,00h
fde5f84609	03q,03t,03v
fe041556bd	04x
fe5eb74af0	000
fed28a7d94	009
fed4a65b46	035
ff8c0566a0	03u,046,04e,04f,04i,055,056,057,058
ffb15d740c	03g
ffb7bbd7f2	015
